,estimator,mean_score,max_score,std_score,alpha,hidden_layer_sizes,max_iter,random_state,solver,min_score
84,MLPClassifier,0.44527412473403843,0.4744897959183674,0.021533036851911234,0.01,13,5,0,lbfgs,0.42024539877300615
134,MLPClassifier,0.44527412473403843,0.4744897959183674,0.021533036851911234,0.001,13,5,0,lbfgs,0.42024539877300615
34,MLPClassifier,0.44527412473403843,0.4744897959183674,0.021533036851911234,0.1,13,5,0,lbfgs,0.42024539877300615
184,MLPClassifier,0.44527412473403843,0.4744897959183674,0.021533036851911234,0.0001,13,5,0,lbfgs,0.42024539877300615
384,MLPClassifier,0.44527412473403843,0.4744897959183674,0.021533036851911234,1e-08,13,5,0,lbfgs,0.42024539877300615
334,MLPClassifier,0.44527412473403843,0.4744897959183674,0.021533036851911234,1e-07,13,5,0,lbfgs,0.42024539877300615
284,MLPClassifier,0.44527412473403843,0.4744897959183674,0.021533036851911234,1e-06,13,5,0,lbfgs,0.42024539877300615
434,MLPClassifier,0.44527412473403843,0.4744897959183674,0.021533036851911234,1e-09,13,5,0,lbfgs,0.42024539877300615
234,MLPClassifier,0.44527412473403843,0.4744897959183674,0.021533036851911234,1e-05,13,5,0,lbfgs,0.42024539877300615
430,MLPClassifier,0.4487406038380156,0.4683673469387755,0.015235814149824122,1e-09,13,1,0,lbfgs,0.4274028629856851
332,MLPClassifier,0.4487406038380156,0.4683673469387755,0.015235814149824122,1e-07,13,3,0,lbfgs,0.4274028629856851
230,MLPClassifier,0.4487406038380156,0.4683673469387755,0.015235814149824122,1e-05,13,1,0,lbfgs,0.4274028629856851
80,MLPClassifier,0.4487406038380156,0.4683673469387755,0.015235814149824122,0.01,13,1,0,lbfgs,0.4274028629856851
432,MLPClassifier,0.4487406038380156,0.4683673469387755,0.015235814149824122,1e-09,13,3,0,lbfgs,0.4274028629856851
82,MLPClassifier,0.4487406038380156,0.4683673469387755,0.015235814149824122,0.01,13,3,0,lbfgs,0.4274028629856851
32,MLPClassifier,0.4487406038380156,0.4683673469387755,0.015235814149824122,0.1,13,3,0,lbfgs,0.4274028629856851
330,MLPClassifier,0.4487406038380156,0.4683673469387755,0.015235814149824122,1e-07,13,1,0,lbfgs,0.4274028629856851
30,MLPClassifier,0.4487406038380156,0.4683673469387755,0.015235814149824122,0.1,13,1,0,lbfgs,0.4274028629856851
182,MLPClassifier,0.4487406038380156,0.4683673469387755,0.015235814149824122,0.0001,13,3,0,lbfgs,0.4274028629856851
180,MLPClassifier,0.4487406038380156,0.4683673469387755,0.015235814149824122,0.0001,13,1,0,lbfgs,0.4274028629856851
232,MLPClassifier,0.4487406038380156,0.4683673469387755,0.015235814149824122,1e-05,13,3,0,lbfgs,0.4274028629856851
280,MLPClassifier,0.4487406038380156,0.4683673469387755,0.015235814149824122,1e-06,13,1,0,lbfgs,0.4274028629856851
130,MLPClassifier,0.4487406038380156,0.4683673469387755,0.015235814149824122,0.001,13,1,0,lbfgs,0.4274028629856851
132,MLPClassifier,0.4487406038380156,0.4683673469387755,0.015235814149824122,0.001,13,3,0,lbfgs,0.4274028629856851
382,MLPClassifier,0.4487406038380156,0.4683673469387755,0.015235814149824122,1e-08,13,3,0,lbfgs,0.4274028629856851
380,MLPClassifier,0.4487406038380156,0.4683673469387755,0.015235814149824122,1e-08,13,1,0,lbfgs,0.4274028629856851
282,MLPClassifier,0.4487406038380156,0.4683673469387755,0.015235814149824122,1e-06,13,3,0,lbfgs,0.4274028629856851
413,MLPClassifier,0.4534490961165615,0.46279306829765543,0.008957441200567951,1e-09,11,3,1,lbfgs,0.4377551020408163
313,MLPClassifier,0.4534490961165615,0.46279306829765543,0.008957441200567951,1e-07,11,3,1,lbfgs,0.4377551020408163
363,MLPClassifier,0.4534490961165615,0.46279306829765543,0.008957441200567951,1e-08,11,3,1,lbfgs,0.4377551020408163
113,MLPClassifier,0.4534490961165615,0.46279306829765543,0.008957441200567951,0.001,11,3,1,lbfgs,0.4377551020408163
13,MLPClassifier,0.4534490961165615,0.46279306829765543,0.008957441200567951,0.1,11,3,1,lbfgs,0.4377551020408163
163,MLPClassifier,0.4534490961165615,0.46279306829765543,0.008957441200567951,0.0001,11,3,1,lbfgs,0.4377551020408163
213,MLPClassifier,0.4534490961165615,0.46279306829765543,0.008957441200567951,1e-05,11,3,1,lbfgs,0.4377551020408163
63,MLPClassifier,0.4534490961165615,0.46279306829765543,0.008957441200567951,0.01,11,3,1,lbfgs,0.4377551020408163
263,MLPClassifier,0.4534490961165615,0.46279306829765543,0.008957441200567951,1e-06,11,3,1,lbfgs,0.4377551020408163
377,MLPClassifier,0.3331162489197852,0.4621676891615542,0.10776906802061002,1e-08,12,7,1,lbfgs,0.186734693877551
277,MLPClassifier,0.3331162489197852,0.4621676891615542,0.10776906802061002,1e-06,12,7,1,lbfgs,0.186734693877551
327,MLPClassifier,0.3331162489197852,0.4621676891615542,0.10776906802061002,1e-07,12,7,1,lbfgs,0.186734693877551
27,MLPClassifier,0.3331162489197852,0.4621676891615542,0.10776906802061002,0.1,12,7,1,lbfgs,0.186734693877551
77,MLPClassifier,0.3331162489197852,0.4621676891615542,0.10776906802061002,0.01,12,7,1,lbfgs,0.186734693877551
427,MLPClassifier,0.3331162489197852,0.4621676891615542,0.10776906802061002,1e-09,12,7,1,lbfgs,0.186734693877551
177,MLPClassifier,0.3331162489197852,0.4621676891615542,0.10776906802061002,0.0001,12,7,1,lbfgs,0.186734693877551
127,MLPClassifier,0.3331162489197852,0.4621676891615542,0.10776906802061002,0.001,12,7,1,lbfgs,0.186734693877551
227,MLPClassifier,0.3331162489197852,0.4621676891615542,0.10776906802061002,1e-05,12,7,1,lbfgs,0.186734693877551
123,MLPClassifier,0.44855154023861665,0.450920245398773,0.0015906546077637303,0.001,12,3,1,lbfgs,0.4459183673469388
421,MLPClassifier,0.44855154023861665,0.450920245398773,0.0015906546077637303,1e-09,12,1,1,lbfgs,0.4459183673469388
423,MLPClassifier,0.44855154023861665,0.450920245398773,0.0015906546077637303,1e-09,12,3,1,lbfgs,0.4459183673469388
71,MLPClassifier,0.44855154023861665,0.450920245398773,0.0015906546077637303,0.01,12,1,1,lbfgs,0.4459183673469388
73,MLPClassifier,0.44855154023861665,0.450920245398773,0.0015906546077637303,0.01,12,3,1,lbfgs,0.4459183673469388
223,MLPClassifier,0.44855154023861665,0.450920245398773,0.0015906546077637303,1e-05,12,3,1,lbfgs,0.4459183673469388
173,MLPClassifier,0.44855154023861665,0.450920245398773,0.0015906546077637303,0.0001,12,3,1,lbfgs,0.4459183673469388
371,MLPClassifier,0.44855154023861665,0.450920245398773,0.0015906546077637303,1e-08,12,1,1,lbfgs,0.4459183673469388
171,MLPClassifier,0.44855154023861665,0.450920245398773,0.0015906546077637303,0.0001,12,1,1,lbfgs,0.4459183673469388
373,MLPClassifier,0.44855154023861665,0.450920245398773,0.0015906546077637303,1e-08,12,3,1,lbfgs,0.4459183673469388
221,MLPClassifier,0.44855154023861665,0.450920245398773,0.0015906546077637303,1e-05,12,1,1,lbfgs,0.4459183673469388
121,MLPClassifier,0.44855154023861665,0.450920245398773,0.0015906546077637303,0.001,12,1,1,lbfgs,0.4459183673469388
23,MLPClassifier,0.44855154023861665,0.450920245398773,0.0015906546077637303,0.1,12,3,1,lbfgs,0.4459183673469388
321,MLPClassifier,0.44855154023861665,0.450920245398773,0.0015906546077637303,1e-07,12,1,1,lbfgs,0.4459183673469388
271,MLPClassifier,0.44855154023861665,0.450920245398773,0.0015906546077637303,1e-06,12,1,1,lbfgs,0.4459183673469388
273,MLPClassifier,0.44855154023861665,0.450920245398773,0.0015906546077637303,1e-06,12,3,1,lbfgs,0.4459183673469388
323,MLPClassifier,0.44855154023861665,0.450920245398773,0.0015906546077637303,1e-07,12,3,1,lbfgs,0.4459183673469388
21,MLPClassifier,0.44855154023861665,0.450920245398773,0.0015906546077637303,0.1,12,1,1,lbfgs,0.4459183673469388
159,MLPClassifier,0.44895928615907066,0.4498977505112474,0.0005041375572867028,0.0001,10,9,1,lbfgs,0.44852191641182465
359,MLPClassifier,0.44895928615907066,0.4498977505112474,0.0005041375572867028,1e-08,10,9,1,lbfgs,0.44852191641182465
59,MLPClassifier,0.44895928615907066,0.4498977505112474,0.0005041375572867028,0.01,10,9,1,lbfgs,0.44852191641182465
409,MLPClassifier,0.44895928615907066,0.4498977505112474,0.0005041375572867028,1e-09,10,9,1,lbfgs,0.44852191641182465
259,MLPClassifier,0.44895928615907066,0.4498977505112474,0.0005041375572867028,1e-06,10,9,1,lbfgs,0.44852191641182465
209,MLPClassifier,0.44895928615907066,0.4498977505112474,0.0005041375572867028,1e-05,10,9,1,lbfgs,0.44852191641182465
109,MLPClassifier,0.44895928615907066,0.4498977505112474,0.0005041375572867028,0.001,10,9,1,lbfgs,0.44852191641182465
9,MLPClassifier,0.44895928615907066,0.4498977505112474,0.0005041375572867028,0.1,10,9,1,lbfgs,0.44852191641182465
309,MLPClassifier,0.44895928615907066,0.4498977505112474,0.0005041375572867028,1e-07,10,9,1,lbfgs,0.44852191641182465
150,MLPClassifier,0.44875478718156553,0.4489795918367347,0.00019391751591658842,0.0001,10,1,0,lbfgs,0.44852191641182465
126,MLPClassifier,0.33084580486103377,0.4489795918367347,0.1727837095226638,0.001,12,7,0,lbfgs,0.003067484662576687
91,MLPClassifier,0.44875478718156553,0.4489795918367347,0.00019391751591658842,0.01,14,1,1,lbfgs,0.44852191641182465
300,MLPClassifier,0.44875478718156553,0.4489795918367347,0.00019391751591658842,1e-07,10,1,0,lbfgs,0.44852191641182465
326,MLPClassifier,0.33084580486103377,0.4489795918367347,0.1727837095226638,1e-07,12,7,0,lbfgs,0.003067484662576687
391,MLPClassifier,0.44875478718156553,0.4489795918367347,0.00019391751591658842,1e-08,14,1,1,lbfgs,0.44852191641182465
291,MLPClassifier,0.44875478718156553,0.4489795918367347,0.00019391751591658842,1e-06,14,1,1,lbfgs,0.44852191641182465
376,MLPClassifier,0.33084580486103377,0.4489795918367347,0.1727837095226638,1e-08,12,7,0,lbfgs,0.003067484662576687
276,MLPClassifier,0.33084580486103377,0.4489795918367347,0.1727837095226638,1e-06,12,7,0,lbfgs,0.003067484662576687
278,MLPClassifier,0.4103089794106044,0.4489795918367347,0.07683160242706479,1e-06,12,9,0,lbfgs,0.25664621676891614
100,MLPClassifier,0.44875478718156553,0.4489795918367347,0.00019391751591658842,0.001,10,1,0,lbfgs,0.44852191641182465
378,MLPClassifier,0.4103089794106044,0.4489795918367347,0.07683160242706479,1e-08,12,9,0,lbfgs,0.25664621676891614
141,MLPClassifier,0.44875478718156553,0.4489795918367347,0.00019391751591658842,0.001,14,1,1,lbfgs,0.44852191641182465
400,MLPClassifier,0.44875478718156553,0.4489795918367347,0.00019391751591658842,1e-09,10,1,0,lbfgs,0.44852191641182465
441,MLPClassifier,0.44875478718156553,0.4489795918367347,0.00019391751591658842,1e-09,14,1,1,lbfgs,0.44852191641182465
226,MLPClassifier,0.33084580486103377,0.4489795918367347,0.1727837095226638,1e-05,12,7,0,lbfgs,0.003067484662576687
128,MLPClassifier,0.4103089794106044,0.4489795918367347,0.07683160242706479,0.001,12,9,0,lbfgs,0.25664621676891614
426,MLPClassifier,0.33084580486103377,0.4489795918367347,0.1727837095226638,1e-09,12,7,0,lbfgs,0.003067484662576687
176,MLPClassifier,0.33084580486103377,0.4489795918367347,0.1727837095226638,0.0001,12,7,0,lbfgs,0.003067484662576687
76,MLPClassifier,0.33084580486103377,0.4489795918367347,0.1727837095226638,0.01,12,7,0,lbfgs,0.003067484662576687
428,MLPClassifier,0.4103089794106044,0.4489795918367347,0.07683160242706479,1e-09,12,9,0,lbfgs,0.25664621676891614
350,MLPClassifier,0.44875478718156553,0.4489795918367347,0.00019391751591658842,1e-08,10,1,0,lbfgs,0.44852191641182465
50,MLPClassifier,0.44875478718156553,0.4489795918367347,0.00019391751591658842,0.01,10,1,0,lbfgs,0.44852191641182465
228,MLPClassifier,0.4103089794106044,0.4489795918367347,0.07683160242706479,1e-05,12,9,0,lbfgs,0.25664621676891614
341,MLPClassifier,0.44875478718156553,0.4489795918367347,0.00019391751591658842,1e-07,14,1,1,lbfgs,0.44852191641182465
200,MLPClassifier,0.44875478718156553,0.4489795918367347,0.00019391751591658842,1e-05,10,1,0,lbfgs,0.44852191641182465
241,MLPClassifier,0.44875478718156553,0.4489795918367347,0.00019391751591658842,1e-05,14,1,1,lbfgs,0.44852191641182465
328,MLPClassifier,0.4103089794106044,0.4489795918367347,0.07683160242706479,1e-07,12,9,0,lbfgs,0.25664621676891614
41,MLPClassifier,0.44875478718156553,0.4489795918367347,0.00019391751591658842,0.1,14,1,1,lbfgs,0.44852191641182465
0,MLPClassifier,0.44875478718156553,0.4489795918367347,0.00019391751591658842,0.1,10,1,0,lbfgs,0.44852191641182465
250,MLPClassifier,0.44875478718156553,0.4489795918367347,0.00019391751591658842,1e-06,10,1,0,lbfgs,0.44852191641182465
178,MLPClassifier,0.4103089794106044,0.4489795918367347,0.07683160242706479,0.0001,12,9,0,lbfgs,0.25664621676891614
191,MLPClassifier,0.44875478718156553,0.4489795918367347,0.00019391751591658842,0.0001,14,1,1,lbfgs,0.44852191641182465
26,MLPClassifier,0.33084580486103377,0.4489795918367347,0.1727837095226638,0.1,12,7,0,lbfgs,0.003067484662576687
28,MLPClassifier,0.4094934850171283,0.4489795918367347,0.07644233371743836,0.1,12,9,0,lbfgs,0.25664621676891614
78,MLPClassifier,0.4103089794106044,0.4489795918367347,0.07683160242706479,0.01,12,9,0,lbfgs,0.25664621676891614
207,MLPClassifier,0.44651009725666596,0.4488752556237219,0.0038998502715140385,1e-05,10,7,1,lbfgs,0.4387755102040816
212,MLPClassifier,0.44406027531742137,0.4488752556237219,0.003940027068885729,1e-05,11,3,0,lbfgs,0.4383282364933741
312,MLPClassifier,0.44406027531742137,0.4488752556237219,0.003940027068885729,1e-07,11,3,0,lbfgs,0.4383282364933741
208,MLPClassifier,0.44324040965141237,0.4488752556237219,0.006976376913110385,1e-05,10,9,0,lbfgs,0.4316326530612245
262,MLPClassifier,0.44406027531742137,0.4488752556237219,0.003940027068885729,1e-06,11,3,0,lbfgs,0.4383282364933741
357,MLPClassifier,0.44651009725666596,0.4488752556237219,0.0038998502715140385,1e-08,10,7,1,lbfgs,0.4387755102040816
358,MLPClassifier,0.44324040965141237,0.4488752556237219,0.006976376913110385,1e-08,10,9,0,lbfgs,0.4316326530612245
258,MLPClassifier,0.44324040965141237,0.4488752556237219,0.006976376913110385,1e-06,10,9,0,lbfgs,0.4316326530612245
257,MLPClassifier,0.44651009725666596,0.4488752556237219,0.0038998502715140385,1e-06,10,7,1,lbfgs,0.4387755102040816
162,MLPClassifier,0.44406027531742137,0.4488752556237219,0.003940027068885729,0.0001,11,3,0,lbfgs,0.4383282364933741
362,MLPClassifier,0.44406027531742137,0.4488752556237219,0.003940027068885729,1e-08,11,3,0,lbfgs,0.4383282364933741
157,MLPClassifier,0.44651009725666596,0.4488752556237219,0.0038998502715140385,0.0001,10,7,1,lbfgs,0.4387755102040816
158,MLPClassifier,0.44324040965141237,0.4488752556237219,0.006976376913110385,0.0001,10,9,0,lbfgs,0.4316326530612245
308,MLPClassifier,0.44324040965141237,0.4488752556237219,0.006976376913110385,1e-07,10,9,0,lbfgs,0.4316326530612245
307,MLPClassifier,0.44651009725666596,0.4488752556237219,0.0038998502715140385,1e-07,10,7,1,lbfgs,0.4387755102040816
57,MLPClassifier,0.44651009725666596,0.4488752556237219,0.0038998502715140385,0.01,10,7,1,lbfgs,0.4387755102040816
407,MLPClassifier,0.44651009725666596,0.4488752556237219,0.0038998502715140385,1e-09,10,7,1,lbfgs,0.4387755102040816
412,MLPClassifier,0.44406027531742137,0.4488752556237219,0.003940027068885729,1e-09,11,3,0,lbfgs,0.4383282364933741
58,MLPClassifier,0.44324040965141237,0.4488752556237219,0.006976376913110385,0.01,10,9,0,lbfgs,0.4316326530612245
408,MLPClassifier,0.44324040965141237,0.4488752556237219,0.006976376913110385,1e-09,10,9,0,lbfgs,0.4316326530612245
62,MLPClassifier,0.44406027531742137,0.4488752556237219,0.003940027068885729,0.01,11,3,0,lbfgs,0.4383282364933741
12,MLPClassifier,0.44406027531742137,0.4488752556237219,0.003940027068885729,0.1,11,3,0,lbfgs,0.4383282364933741
108,MLPClassifier,0.44324040965141237,0.4488752556237219,0.006976376913110385,0.001,10,9,0,lbfgs,0.4316326530612245
8,MLPClassifier,0.44324040965141237,0.4488752556237219,0.006976376913110385,0.1,10,9,0,lbfgs,0.4316326530612245
7,MLPClassifier,0.44651009725666596,0.4488752556237219,0.0038998502715140385,0.1,10,7,1,lbfgs,0.4387755102040816
107,MLPClassifier,0.44651009725666596,0.4488752556237219,0.0038998502715140385,0.001,10,7,1,lbfgs,0.4387755102040816
112,MLPClassifier,0.44406027531742137,0.4488752556237219,0.003940027068885729,0.001,11,3,0,lbfgs,0.4383282364933741
56,MLPClassifier,0.41175882394007485,0.44852191641182465,0.03163669034767247,0.01,10,7,0,lbfgs,0.3670756646216769
254,MLPClassifier,0.37908676522897106,0.44852191641182465,0.04520843822170091,1e-06,10,5,0,lbfgs,0.3346938775510204
256,MLPClassifier,0.41175882394007485,0.44852191641182465,0.03163669034767247,1e-06,10,7,0,lbfgs,0.3670756646216769
106,MLPClassifier,0.41175882394007485,0.44852191641182465,0.03163669034767247,0.001,10,7,0,lbfgs,0.3670756646216769
406,MLPClassifier,0.41175882394007485,0.44852191641182465,0.03163669034767247,1e-09,10,7,0,lbfgs,0.3670756646216769
156,MLPClassifier,0.41175882394007485,0.44852191641182465,0.03163669034767247,0.0001,10,7,0,lbfgs,0.3670756646216769
54,MLPClassifier,0.37908676522897106,0.44852191641182465,0.04520843822170091,0.01,10,5,0,lbfgs,0.3346938775510204
154,MLPClassifier,0.37908676522897106,0.44852191641182465,0.04520843822170091,0.0001,10,5,0,lbfgs,0.3346938775510204
104,MLPClassifier,0.37908676522897106,0.44852191641182465,0.04520843822170091,0.001,10,5,0,lbfgs,0.3346938775510204
354,MLPClassifier,0.37908676522897106,0.44852191641182465,0.04520843822170091,1e-08,10,5,0,lbfgs,0.3346938775510204
206,MLPClassifier,0.41175882394007485,0.44852191641182465,0.03163669034767247,1e-05,10,7,0,lbfgs,0.3670756646216769
356,MLPClassifier,0.41175882394007485,0.44852191641182465,0.03163669034767247,1e-08,10,7,0,lbfgs,0.3670756646216769
204,MLPClassifier,0.37908676522897106,0.44852191641182465,0.04520843822170091,1e-05,10,5,0,lbfgs,0.3346938775510204
6,MLPClassifier,0.41175882394007485,0.44852191641182465,0.03163669034767247,0.1,10,7,0,lbfgs,0.3670756646216769
4,MLPClassifier,0.37908676522897106,0.44852191641182465,0.04520843822170091,0.1,10,5,0,lbfgs,0.3346938775510204
304,MLPClassifier,0.37908676522897106,0.44852191641182465,0.04520843822170091,1e-07,10,5,0,lbfgs,0.3346938775510204
306,MLPClassifier,0.41175882394007485,0.44852191641182465,0.03163669034767247,1e-07,10,7,0,lbfgs,0.3670756646216769
404,MLPClassifier,0.37908676522897106,0.44852191641182465,0.04520843822170091,1e-09,10,5,0,lbfgs,0.3346938775510204
224,MLPClassifier,0.16583782361934474,0.44683026584867075,0.17793778334858656,1e-05,12,5,0,lbfgs,0.017346938775510204
174,MLPClassifier,0.16583782361934474,0.44683026584867075,0.17793778334858656,0.0001,12,5,0,lbfgs,0.017346938775510204
124,MLPClassifier,0.16583782361934474,0.44683026584867075,0.17793778334858656,0.001,12,5,0,lbfgs,0.017346938775510204
424,MLPClassifier,0.16583782361934474,0.44683026584867075,0.17793778334858656,1e-09,12,5,0,lbfgs,0.017346938775510204
374,MLPClassifier,0.16583782361934474,0.44683026584867075,0.17793778334858656,1e-08,12,5,0,lbfgs,0.017346938775510204
74,MLPClassifier,0.16583782361934474,0.44683026584867075,0.17793778334858656,0.01,12,5,0,lbfgs,0.017346938775510204
324,MLPClassifier,0.16583782361934474,0.44683026584867075,0.17793778334858656,1e-07,12,5,0,lbfgs,0.017346938775510204
274,MLPClassifier,0.16583782361934474,0.44683026584867075,0.17793778334858656,1e-06,12,5,0,lbfgs,0.017346938775510204
24,MLPClassifier,0.16583782361934474,0.44683026584867075,0.17793778334858656,0.1,12,5,0,lbfgs,0.017346938775510204
39,MLPClassifier,0.3986990429274278,0.4260958205912334,0.0269626405506183,0.1,13,9,1,lbfgs,0.35480572597137017
331,MLPClassifier,0.3986990429274278,0.4260958205912334,0.0269626405506183,1e-07,13,1,1,lbfgs,0.35480572597137017
289,MLPClassifier,0.3986990429274278,0.4260958205912334,0.0269626405506183,1e-06,13,9,1,lbfgs,0.35480572597137017
287,MLPClassifier,0.3986990429274278,0.4260958205912334,0.0269626405506183,1e-06,13,7,1,lbfgs,0.35480572597137017
285,MLPClassifier,0.3986990429274278,0.4260958205912334,0.0269626405506183,1e-06,13,5,1,lbfgs,0.35480572597137017
283,MLPClassifier,0.3986990429274278,0.4260958205912334,0.0269626405506183,1e-06,13,3,1,lbfgs,0.35480572597137017
281,MLPClassifier,0.3986990429274278,0.4260958205912334,0.0269626405506183,1e-06,13,1,1,lbfgs,0.35480572597137017
439,MLPClassifier,0.3986990429274278,0.4260958205912334,0.0269626405506183,1e-09,13,9,1,lbfgs,0.35480572597137017
437,MLPClassifier,0.3986990429274278,0.4260958205912334,0.0269626405506183,1e-09,13,7,1,lbfgs,0.35480572597137017
435,MLPClassifier,0.3986990429274278,0.4260958205912334,0.0269626405506183,1e-09,13,5,1,lbfgs,0.35480572597137017
31,MLPClassifier,0.3986990429274278,0.4260958205912334,0.0269626405506183,0.1,13,1,1,lbfgs,0.35480572597137017
231,MLPClassifier,0.3986990429274278,0.4260958205912334,0.0269626405506183,1e-05,13,1,1,lbfgs,0.35480572597137017
189,MLPClassifier,0.3986990429274278,0.4260958205912334,0.0269626405506183,0.0001,13,9,1,lbfgs,0.35480572597137017
33,MLPClassifier,0.3986990429274278,0.4260958205912334,0.0269626405506183,0.1,13,3,1,lbfgs,0.35480572597137017
35,MLPClassifier,0.3986990429274278,0.4260958205912334,0.0269626405506183,0.1,13,5,1,lbfgs,0.35480572597137017
233,MLPClassifier,0.3986990429274278,0.4260958205912334,0.0269626405506183,1e-05,13,3,1,lbfgs,0.35480572597137017
235,MLPClassifier,0.3986990429274278,0.4260958205912334,0.0269626405506183,1e-05,13,5,1,lbfgs,0.35480572597137017
37,MLPClassifier,0.3986990429274278,0.4260958205912334,0.0269626405506183,0.1,13,7,1,lbfgs,0.35480572597137017
237,MLPClassifier,0.3986990429274278,0.4260958205912334,0.0269626405506183,1e-05,13,7,1,lbfgs,0.35480572597137017
239,MLPClassifier,0.3986990429274278,0.4260958205912334,0.0269626405506183,1e-05,13,9,1,lbfgs,0.35480572597137017
431,MLPClassifier,0.3986990429274278,0.4260958205912334,0.0269626405506183,1e-09,13,1,1,lbfgs,0.35480572597137017
433,MLPClassifier,0.3986990429274278,0.4260958205912334,0.0269626405506183,1e-09,13,3,1,lbfgs,0.35480572597137017
339,MLPClassifier,0.3986990429274278,0.4260958205912334,0.0269626405506183,1e-07,13,9,1,lbfgs,0.35480572597137017
337,MLPClassifier,0.3986990429274278,0.4260958205912334,0.0269626405506183,1e-07,13,7,1,lbfgs,0.35480572597137017
333,MLPClassifier,0.3986990429274278,0.4260958205912334,0.0269626405506183,1e-07,13,3,1,lbfgs,0.35480572597137017
335,MLPClassifier,0.3986990429274278,0.4260958205912334,0.0269626405506183,1e-07,13,5,1,lbfgs,0.35480572597137017
389,MLPClassifier,0.3986990429274278,0.4260958205912334,0.0269626405506183,1e-08,13,9,1,lbfgs,0.35480572597137017
133,MLPClassifier,0.3986990429274278,0.4260958205912334,0.0269626405506183,0.001,13,3,1,lbfgs,0.35480572597137017
131,MLPClassifier,0.3986990429274278,0.4260958205912334,0.0269626405506183,0.001,13,1,1,lbfgs,0.35480572597137017
137,MLPClassifier,0.3986990429274278,0.4260958205912334,0.0269626405506183,0.001,13,7,1,lbfgs,0.35480572597137017
87,MLPClassifier,0.3986990429274278,0.4260958205912334,0.0269626405506183,0.01,13,7,1,lbfgs,0.35480572597137017
85,MLPClassifier,0.3986990429274278,0.4260958205912334,0.0269626405506183,0.01,13,5,1,lbfgs,0.35480572597137017
181,MLPClassifier,0.3986990429274278,0.4260958205912334,0.0269626405506183,0.0001,13,1,1,lbfgs,0.35480572597137017
83,MLPClassifier,0.3986990429274278,0.4260958205912334,0.0269626405506183,0.01,13,3,1,lbfgs,0.35480572597137017
183,MLPClassifier,0.3986990429274278,0.4260958205912334,0.0269626405506183,0.0001,13,3,1,lbfgs,0.35480572597137017
135,MLPClassifier,0.3986990429274278,0.4260958205912334,0.0269626405506183,0.001,13,5,1,lbfgs,0.35480572597137017
385,MLPClassifier,0.3986990429274278,0.4260958205912334,0.0269626405506183,1e-08,13,5,1,lbfgs,0.35480572597137017
81,MLPClassifier,0.3986990429274278,0.4260958205912334,0.0269626405506183,0.01,13,1,1,lbfgs,0.35480572597137017
185,MLPClassifier,0.3986990429274278,0.4260958205912334,0.0269626405506183,0.0001,13,5,1,lbfgs,0.35480572597137017
139,MLPClassifier,0.3986990429274278,0.4260958205912334,0.0269626405506183,0.001,13,9,1,lbfgs,0.35480572597137017
387,MLPClassifier,0.3986990429274278,0.4260958205912334,0.0269626405506183,1e-08,13,7,1,lbfgs,0.35480572597137017
381,MLPClassifier,0.3986990429274278,0.4260958205912334,0.0269626405506183,1e-08,13,1,1,lbfgs,0.35480572597137017
187,MLPClassifier,0.3986990429274278,0.4260958205912334,0.0269626405506183,0.0001,13,7,1,lbfgs,0.35480572597137017
89,MLPClassifier,0.3986990429274278,0.4260958205912334,0.0269626405506183,0.01,13,9,1,lbfgs,0.35480572597137017
383,MLPClassifier,0.3986990429274278,0.4260958205912334,0.0269626405506183,1e-08,13,3,1,lbfgs,0.35480572597137017
379,MLPClassifier,0.3620036956078092,0.40286298568507156,0.030201926146326,1e-08,12,9,1,lbfgs,0.31702344546381245
79,MLPClassifier,0.3620036956078092,0.40286298568507156,0.030201926146326,0.01,12,9,1,lbfgs,0.31702344546381245
179,MLPClassifier,0.3620036956078092,0.40286298568507156,0.030201926146326,0.0001,12,9,1,lbfgs,0.31702344546381245
329,MLPClassifier,0.3620036956078092,0.40286298568507156,0.030201926146326,1e-07,12,9,1,lbfgs,0.31702344546381245
429,MLPClassifier,0.3620036956078092,0.40286298568507156,0.030201926146326,1e-09,12,9,1,lbfgs,0.31702344546381245
29,MLPClassifier,0.3620036956078092,0.40286298568507156,0.030201926146326,0.1,12,9,1,lbfgs,0.31702344546381245
129,MLPClassifier,0.3620036956078092,0.40286298568507156,0.030201926146326,0.001,12,9,1,lbfgs,0.31702344546381245
229,MLPClassifier,0.3620036956078092,0.40286298568507156,0.030201926146326,1e-05,12,9,1,lbfgs,0.31702344546381245
279,MLPClassifier,0.3620036956078092,0.40286298568507156,0.030201926146326,1e-06,12,9,1,lbfgs,0.31702344546381245
367,MLPClassifier,0.3470819388335812,0.3946830265848671,0.033043634305481066,1e-08,11,7,1,lbfgs,0.3006134969325153
265,MLPClassifier,0.3470819388335812,0.3946830265848671,0.033043634305481066,1e-06,11,5,1,lbfgs,0.3006134969325153
167,MLPClassifier,0.3470819388335812,0.3946830265848671,0.033043634305481066,0.0001,11,7,1,lbfgs,0.3006134969325153
267,MLPClassifier,0.3470819388335812,0.3946830265848671,0.033043634305481066,1e-06,11,7,1,lbfgs,0.3006134969325153
215,MLPClassifier,0.3470819388335812,0.3946830265848671,0.033043634305481066,1e-05,11,5,1,lbfgs,0.3006134969325153
17,MLPClassifier,0.3470819388335812,0.3946830265848671,0.033043634305481066,0.1,11,7,1,lbfgs,0.3006134969325153
315,MLPClassifier,0.3470819388335812,0.3946830265848671,0.033043634305481066,1e-07,11,5,1,lbfgs,0.3006134969325153
15,MLPClassifier,0.3470819388335812,0.3946830265848671,0.033043634305481066,0.1,11,5,1,lbfgs,0.3006134969325153
165,MLPClassifier,0.3470819388335812,0.3946830265848671,0.033043634305481066,0.0001,11,5,1,lbfgs,0.3006134969325153
65,MLPClassifier,0.3470819388335812,0.3946830265848671,0.033043634305481066,0.01,11,5,1,lbfgs,0.3006134969325153
67,MLPClassifier,0.3470819388335812,0.3946830265848671,0.033043634305481066,0.01,11,7,1,lbfgs,0.3006134969325153
115,MLPClassifier,0.3470819388335812,0.3946830265848671,0.033043634305481066,0.001,11,5,1,lbfgs,0.3006134969325153
417,MLPClassifier,0.3470819388335812,0.3946830265848671,0.033043634305481066,1e-09,11,7,1,lbfgs,0.3006134969325153
415,MLPClassifier,0.3470819388335812,0.3946830265848671,0.033043634305481066,1e-09,11,5,1,lbfgs,0.3006134969325153
217,MLPClassifier,0.3470819388335812,0.3946830265848671,0.033043634305481066,1e-05,11,7,1,lbfgs,0.3006134969325153
117,MLPClassifier,0.3470819388335812,0.3946830265848671,0.033043634305481066,0.001,11,7,1,lbfgs,0.3006134969325153
317,MLPClassifier,0.3470819388335812,0.3946830265848671,0.033043634305481066,1e-07,11,7,1,lbfgs,0.3006134969325153
365,MLPClassifier,0.3470819388335812,0.3946830265848671,0.033043634305481066,1e-08,11,5,1,lbfgs,0.3006134969325153
448,MLPClassifier,0.33955447479830564,0.39263803680981596,0.037079829184862884,1e-09,14,9,0,lbfgs,0.2874617737003058
148,MLPClassifier,0.33955447479830564,0.39263803680981596,0.037079829184862884,0.001,14,9,0,lbfgs,0.2874617737003058
298,MLPClassifier,0.33955447479830564,0.39263803680981596,0.037079829184862884,1e-06,14,9,0,lbfgs,0.2874617737003058
398,MLPClassifier,0.33955447479830564,0.39263803680981596,0.037079829184862884,1e-08,14,9,0,lbfgs,0.2874617737003058
98,MLPClassifier,0.33955447479830564,0.39263803680981596,0.037079829184862884,0.01,14,9,0,lbfgs,0.2874617737003058
248,MLPClassifier,0.33955447479830564,0.39263803680981596,0.037079829184862884,1e-05,14,9,0,lbfgs,0.2874617737003058
348,MLPClassifier,0.33955447479830564,0.39263803680981596,0.037079829184862884,1e-07,14,9,0,lbfgs,0.2874617737003058
198,MLPClassifier,0.33955447479830564,0.39263803680981596,0.037079829184862884,0.0001,14,9,0,lbfgs,0.2874617737003058
48,MLPClassifier,0.33955447479830564,0.39263803680981596,0.037079829184862884,0.1,14,9,0,lbfgs,0.2874617737003058
345,MLPClassifier,0.3470911114863386,0.39059304703476483,0.03022514023777219,1e-07,14,5,1,lbfgs,0.30784913353720694
195,MLPClassifier,0.3470911114863386,0.39059304703476483,0.03022514023777219,0.0001,14,5,1,lbfgs,0.30784913353720694
445,MLPClassifier,0.3470911114863386,0.39059304703476483,0.03022514023777219,1e-09,14,5,1,lbfgs,0.30784913353720694
245,MLPClassifier,0.3470911114863386,0.39059304703476483,0.03022514023777219,1e-05,14,5,1,lbfgs,0.30784913353720694
295,MLPClassifier,0.3470911114863386,0.39059304703476483,0.03022514023777219,1e-06,14,5,1,lbfgs,0.30784913353720694
395,MLPClassifier,0.3470911114863386,0.39059304703476483,0.03022514023777219,1e-08,14,5,1,lbfgs,0.30784913353720694
145,MLPClassifier,0.3470911114863386,0.39059304703476483,0.03022514023777219,0.001,14,5,1,lbfgs,0.30784913353720694
45,MLPClassifier,0.3470911114863386,0.39059304703476483,0.03022514023777219,0.1,14,5,1,lbfgs,0.30784913353720694
95,MLPClassifier,0.3470911114863386,0.39059304703476483,0.03022514023777219,0.01,14,5,1,lbfgs,0.30784913353720694
196,MLPClassifier,0.3497295707461424,0.386734693877551,0.026661693824952832,0.0001,14,7,0,lbfgs,0.3129459734964322
346,MLPClassifier,0.3497295707461424,0.386734693877551,0.026661693824952832,1e-07,14,7,0,lbfgs,0.3129459734964322
296,MLPClassifier,0.3497295707461424,0.386734693877551,0.026661693824952832,1e-06,14,7,0,lbfgs,0.3129459734964322
146,MLPClassifier,0.3497295707461424,0.386734693877551,0.026661693824952832,0.001,14,7,0,lbfgs,0.3129459734964322
96,MLPClassifier,0.3497295707461424,0.386734693877551,0.026661693824952832,0.01,14,7,0,lbfgs,0.3129459734964322
396,MLPClassifier,0.3497295707461424,0.386734693877551,0.026661693824952832,1e-08,14,7,0,lbfgs,0.3129459734964322
46,MLPClassifier,0.3497295707461424,0.386734693877551,0.026661693824952832,0.1,14,7,0,lbfgs,0.3129459734964322
446,MLPClassifier,0.3497295707461424,0.386734693877551,0.026661693824952832,1e-09,14,7,0,lbfgs,0.3129459734964322
246,MLPClassifier,0.3497295707461424,0.386734693877551,0.026661693824952832,1e-05,14,7,0,lbfgs,0.3129459734964322
219,MLPClassifier,0.3395484150021052,0.37934560327198363,0.0332186250713844,1e-05,11,9,1,lbfgs,0.2803261977573904
19,MLPClassifier,0.3395484150021052,0.37934560327198363,0.0332186250713844,0.1,11,9,1,lbfgs,0.2803261977573904
319,MLPClassifier,0.3395484150021052,0.37934560327198363,0.0332186250713844,1e-07,11,9,1,lbfgs,0.2803261977573904
269,MLPClassifier,0.3395484150021052,0.37934560327198363,0.0332186250713844,1e-06,11,9,1,lbfgs,0.2803261977573904
119,MLPClassifier,0.3395484150021052,0.37934560327198363,0.0332186250713844,0.001,11,9,1,lbfgs,0.2803261977573904
419,MLPClassifier,0.3395484150021052,0.37934560327198363,0.0332186250713844,1e-09,11,9,1,lbfgs,0.2803261977573904
369,MLPClassifier,0.3395484150021052,0.37934560327198363,0.0332186250713844,1e-08,11,9,1,lbfgs,0.2803261977573904
169,MLPClassifier,0.3395484150021052,0.37934560327198363,0.0332186250713844,0.0001,11,9,1,lbfgs,0.2803261977573904
69,MLPClassifier,0.3395484150021052,0.37934560327198363,0.0332186250713844,0.01,11,9,1,lbfgs,0.2803261977573904
364,MLPClassifier,0.35544200457241487,0.37716615698267075,0.01634150872034914,1e-08,11,5,0,lbfgs,0.3292433537832311
64,MLPClassifier,0.35544200457241487,0.37716615698267075,0.01634150872034914,0.01,11,5,0,lbfgs,0.3292433537832311
14,MLPClassifier,0.35544200457241487,0.37716615698267075,0.01634150872034914,0.1,11,5,0,lbfgs,0.3292433537832311
214,MLPClassifier,0.35544200457241487,0.37716615698267075,0.01634150872034914,1e-05,11,5,0,lbfgs,0.3292433537832311
114,MLPClassifier,0.35544200457241487,0.37716615698267075,0.01634150872034914,0.001,11,5,0,lbfgs,0.3292433537832311
164,MLPClassifier,0.35544200457241487,0.37716615698267075,0.01634150872034914,0.0001,11,5,0,lbfgs,0.3292433537832311
414,MLPClassifier,0.35544200457241487,0.37716615698267075,0.01634150872034914,1e-09,11,5,0,lbfgs,0.3292433537832311
314,MLPClassifier,0.35544200457241487,0.37716615698267075,0.01634150872034914,1e-07,11,5,0,lbfgs,0.3292433537832311
264,MLPClassifier,0.35544200457241487,0.37716615698267075,0.01634150872034914,1e-06,11,5,0,lbfgs,0.3292433537832311
86,MLPClassifier,0.34629103332670946,0.37627811860940696,0.027425310772059192,0.01,13,7,0,lbfgs,0.3068297655453619
436,MLPClassifier,0.34629103332670946,0.37627811860940696,0.027425310772059192,1e-09,13,7,0,lbfgs,0.3068297655453619
386,MLPClassifier,0.34629103332670946,0.37627811860940696,0.027425310772059192,1e-08,13,7,0,lbfgs,0.3068297655453619
136,MLPClassifier,0.34629103332670946,0.37627811860940696,0.027425310772059192,0.001,13,7,0,lbfgs,0.3068297655453619
236,MLPClassifier,0.34629103332670946,0.37627811860940696,0.027425310772059192,1e-05,13,7,0,lbfgs,0.3068297655453619
336,MLPClassifier,0.34629103332670946,0.37627811860940696,0.027425310772059192,1e-07,13,7,0,lbfgs,0.3068297655453619
186,MLPClassifier,0.34629103332670946,0.37627811860940696,0.027425310772059192,0.0001,13,7,0,lbfgs,0.3068297655453619
286,MLPClassifier,0.34629103332670946,0.37627811860940696,0.027425310772059192,1e-06,13,7,0,lbfgs,0.3068297655453619
36,MLPClassifier,0.34629103332670946,0.37627811860940696,0.027425310772059192,0.1,13,7,0,lbfgs,0.3068297655453619
447,MLPClassifier,0.33380765022468345,0.3751274209989806,0.026320013640846535,1e-09,14,7,1,lbfgs,0.29867482161060144
197,MLPClassifier,0.33380765022468345,0.3751274209989806,0.026320013640846535,0.0001,14,7,1,lbfgs,0.29867482161060144
297,MLPClassifier,0.33380765022468345,0.3751274209989806,0.026320013640846535,1e-06,14,7,1,lbfgs,0.29867482161060144
347,MLPClassifier,0.33380765022468345,0.3751274209989806,0.026320013640846535,1e-07,14,7,1,lbfgs,0.29867482161060144
397,MLPClassifier,0.33380765022468345,0.3751274209989806,0.026320013640846535,1e-08,14,7,1,lbfgs,0.29867482161060144
147,MLPClassifier,0.33380765022468345,0.3751274209989806,0.026320013640846535,0.001,14,7,1,lbfgs,0.29867482161060144
47,MLPClassifier,0.33380765022468345,0.3751274209989806,0.026320013640846535,0.1,14,7,1,lbfgs,0.29867482161060144
247,MLPClassifier,0.33380765022468345,0.3751274209989806,0.026320013640846535,1e-05,14,7,1,lbfgs,0.29867482161060144
97,MLPClassifier,0.33380765022468345,0.3751274209989806,0.026320013640846535,0.01,14,7,1,lbfgs,0.29867482161060144
288,MLPClassifier,0.3334263654993902,0.3619631901840491,0.024861689326658623,1e-06,13,9,0,lbfgs,0.30275229357798167
138,MLPClassifier,0.3334263654993902,0.3619631901840491,0.024861689326658623,0.001,13,9,0,lbfgs,0.30275229357798167
438,MLPClassifier,0.3334263654993902,0.3619631901840491,0.024861689326658623,1e-09,13,9,0,lbfgs,0.30275229357798167
88,MLPClassifier,0.3334263654993902,0.3619631901840491,0.024861689326658623,0.01,13,9,0,lbfgs,0.30275229357798167
38,MLPClassifier,0.3334263654993902,0.3619631901840491,0.024861689326658623,0.1,13,9,0,lbfgs,0.30275229357798167
238,MLPClassifier,0.3334263654993902,0.3619631901840491,0.024861689326658623,1e-05,13,9,0,lbfgs,0.30275229357798167
338,MLPClassifier,0.3334263654993902,0.3619631901840491,0.024861689326658623,1e-07,13,9,0,lbfgs,0.30275229357798167
388,MLPClassifier,0.3334263654993902,0.3619631901840491,0.024861689326658623,1e-08,13,9,0,lbfgs,0.30275229357798167
188,MLPClassifier,0.3334263654993902,0.3619631901840491,0.024861689326658623,0.0001,13,9,0,lbfgs,0.30275229357798167
349,MLPClassifier,0.3252480847125815,0.3507157464212679,0.02862907913984395,1e-07,14,9,1,lbfgs,0.273190621814475
399,MLPClassifier,0.3252480847125815,0.3507157464212679,0.02862907913984395,1e-08,14,9,1,lbfgs,0.273190621814475
449,MLPClassifier,0.3252480847125815,0.3507157464212679,0.02862907913984395,1e-09,14,9,1,lbfgs,0.273190621814475
199,MLPClassifier,0.3252480847125815,0.3507157464212679,0.02862907913984395,0.0001,14,9,1,lbfgs,0.273190621814475
99,MLPClassifier,0.3252480847125815,0.3507157464212679,0.02862907913984395,0.01,14,9,1,lbfgs,0.273190621814475
299,MLPClassifier,0.3252480847125815,0.3507157464212679,0.02862907913984395,1e-06,14,9,1,lbfgs,0.273190621814475
249,MLPClassifier,0.3252480847125815,0.3507157464212679,0.02862907913984395,1e-05,14,9,1,lbfgs,0.273190621814475
49,MLPClassifier,0.3252480847125815,0.3507157464212679,0.02862907913984395,0.1,14,9,1,lbfgs,0.273190621814475
149,MLPClassifier,0.3252480847125815,0.3507157464212679,0.02862907913984395,0.001,14,9,1,lbfgs,0.273190621814475
166,MLPClassifier,0.30644357988969584,0.327217125382263,0.020630043489773726,0.0001,11,7,0,lbfgs,0.28016359918200406
194,MLPClassifier,0.2806985816784079,0.327217125382263,0.03894650201046576,0.0001,14,5,0,lbfgs,0.2249488752556237
366,MLPClassifier,0.30644357988969584,0.327217125382263,0.020630043489773726,1e-08,11,7,0,lbfgs,0.28016359918200406
266,MLPClassifier,0.30644357988969584,0.327217125382263,0.020630043489773726,1e-06,11,7,0,lbfgs,0.28016359918200406
216,MLPClassifier,0.30644357988969584,0.327217125382263,0.020630043489773726,1e-05,11,7,0,lbfgs,0.28016359918200406
444,MLPClassifier,0.2806985816784079,0.327217125382263,0.03894650201046576,1e-09,14,5,0,lbfgs,0.2249488752556237
44,MLPClassifier,0.2806985816784079,0.327217125382263,0.03894650201046576,0.1,14,5,0,lbfgs,0.2249488752556237
344,MLPClassifier,0.2806985816784079,0.327217125382263,0.03894650201046576,1e-07,14,5,0,lbfgs,0.2249488752556237
144,MLPClassifier,0.2806985816784079,0.327217125382263,0.03894650201046576,0.001,14,5,0,lbfgs,0.2249488752556237
16,MLPClassifier,0.30644357988969584,0.327217125382263,0.020630043489773726,0.1,11,7,0,lbfgs,0.28016359918200406
394,MLPClassifier,0.2806985816784079,0.327217125382263,0.03894650201046576,1e-08,14,5,0,lbfgs,0.2249488752556237
116,MLPClassifier,0.30644357988969584,0.327217125382263,0.020630043489773726,0.001,11,7,0,lbfgs,0.28016359918200406
294,MLPClassifier,0.2806985816784079,0.327217125382263,0.03894650201046576,1e-06,14,5,0,lbfgs,0.2249488752556237
316,MLPClassifier,0.30644357988969584,0.327217125382263,0.020630043489773726,1e-07,11,7,0,lbfgs,0.28016359918200406
66,MLPClassifier,0.30644357988969584,0.327217125382263,0.020630043489773726,0.01,11,7,0,lbfgs,0.28016359918200406
94,MLPClassifier,0.2806985816784079,0.327217125382263,0.03894650201046576,0.01,14,5,0,lbfgs,0.2249488752556237
244,MLPClassifier,0.2806985816784079,0.327217125382263,0.03894650201046576,1e-05,14,5,0,lbfgs,0.2249488752556237
416,MLPClassifier,0.30644357988969584,0.327217125382263,0.020630043489773726,1e-09,11,7,0,lbfgs,0.28016359918200406
168,MLPClassifier,0.28625614099976676,0.32719836400818,0.022819921815073353,0.0001,11,9,0,lbfgs,0.2642857142857143
18,MLPClassifier,0.28625614099976676,0.32719836400818,0.022819921815073353,0.1,11,9,0,lbfgs,0.2642857142857143
368,MLPClassifier,0.28625614099976676,0.32719836400818,0.022819921815073353,1e-08,11,9,0,lbfgs,0.2642857142857143
118,MLPClassifier,0.28625614099976676,0.32719836400818,0.022819921815073353,0.001,11,9,0,lbfgs,0.2642857142857143
68,MLPClassifier,0.28625614099976676,0.32719836400818,0.022819921815073353,0.01,11,9,0,lbfgs,0.2642857142857143
218,MLPClassifier,0.28625614099976676,0.32719836400818,0.022819921815073353,1e-05,11,9,0,lbfgs,0.2642857142857143
418,MLPClassifier,0.28625614099976676,0.32719836400818,0.022819921815073353,1e-09,11,9,0,lbfgs,0.2642857142857143
268,MLPClassifier,0.28625614099976676,0.32719836400818,0.022819921815073353,1e-06,11,9,0,lbfgs,0.2642857142857143
318,MLPClassifier,0.28625614099976676,0.32719836400818,0.022819921815073353,1e-07,11,9,0,lbfgs,0.2642857142857143
393,MLPClassifier,0.29747042690549513,0.3006134969325153,0.002057801378084182,1e-08,14,3,1,lbfgs,0.29489795918367345
243,MLPClassifier,0.29747042690549513,0.3006134969325153,0.002057801378084182,1e-05,14,3,1,lbfgs,0.29489795918367345
143,MLPClassifier,0.29747042690549513,0.3006134969325153,0.002057801378084182,0.001,14,3,1,lbfgs,0.29489795918367345
293,MLPClassifier,0.29747042690549513,0.3006134969325153,0.002057801378084182,1e-06,14,3,1,lbfgs,0.29489795918367345
443,MLPClassifier,0.29747042690549513,0.3006134969325153,0.002057801378084182,1e-09,14,3,1,lbfgs,0.29489795918367345
93,MLPClassifier,0.29747042690549513,0.3006134969325153,0.002057801378084182,0.01,14,3,1,lbfgs,0.29489795918367345
43,MLPClassifier,0.29747042690549513,0.3006134969325153,0.002057801378084182,0.1,14,3,1,lbfgs,0.29489795918367345
343,MLPClassifier,0.29747042690549513,0.3006134969325153,0.002057801378084182,1e-07,14,3,1,lbfgs,0.29489795918367345
193,MLPClassifier,0.29747042690549513,0.3006134969325153,0.002057801378084182,0.0001,14,3,1,lbfgs,0.29489795918367345
161,MLPClassifier,0.29726384248001375,0.2976554536187564,0.00045608949633147843,0.0001,11,1,1,lbfgs,0.2965235173824131
311,MLPClassifier,0.29726384248001375,0.2976554536187564,0.00045608949633147843,1e-07,11,1,1,lbfgs,0.2965235173824131
211,MLPClassifier,0.29726384248001375,0.2976554536187564,0.00045608949633147843,1e-05,11,1,1,lbfgs,0.2965235173824131
11,MLPClassifier,0.29726384248001375,0.2976554536187564,0.00045608949633147843,0.1,11,1,1,lbfgs,0.2965235173824131
61,MLPClassifier,0.29726384248001375,0.2976554536187564,0.00045608949633147843,0.01,11,1,1,lbfgs,0.2965235173824131
111,MLPClassifier,0.29726384248001375,0.2976554536187564,0.00045608949633147843,0.001,11,1,1,lbfgs,0.2965235173824131
411,MLPClassifier,0.29726384248001375,0.2976554536187564,0.00045608949633147843,1e-09,11,1,1,lbfgs,0.2965235173824131
261,MLPClassifier,0.29726384248001375,0.2976554536187564,0.00045608949633147843,1e-06,11,1,1,lbfgs,0.2965235173824131
361,MLPClassifier,0.29726384248001375,0.2976554536187564,0.00045608949633147843,1e-08,11,1,1,lbfgs,0.2965235173824131
240,MLPClassifier,0.2811265643571926,0.29561671763506625,0.010346613548751818,1e-05,14,1,0,lbfgs,0.26380368098159507
190,MLPClassifier,0.2811265643571926,0.29561671763506625,0.010346613548751818,0.0001,14,1,0,lbfgs,0.26380368098159507
290,MLPClassifier,0.2811265643571926,0.29561671763506625,0.010346613548751818,1e-06,14,1,0,lbfgs,0.26380368098159507
340,MLPClassifier,0.2811265643571926,0.29561671763506625,0.010346613548751818,1e-07,14,1,0,lbfgs,0.26380368098159507
140,MLPClassifier,0.2811265643571926,0.29561671763506625,0.010346613548751818,0.001,14,1,0,lbfgs,0.26380368098159507
40,MLPClassifier,0.2811265643571926,0.29561671763506625,0.010346613548751818,0.1,14,1,0,lbfgs,0.26380368098159507
390,MLPClassifier,0.2811265643571926,0.29561671763506625,0.010346613548751818,1e-08,14,1,0,lbfgs,0.26380368098159507
440,MLPClassifier,0.2811265643571926,0.29561671763506625,0.010346613548751818,1e-09,14,1,0,lbfgs,0.26380368098159507
90,MLPClassifier,0.2811265643571926,0.29561671763506625,0.010346613548751818,0.01,14,1,0,lbfgs,0.26380368098159507
125,MLPClassifier,0.20489539002407967,0.28440366972477066,0.06502426566115198,0.001,12,5,1,lbfgs,0.13394683026584867
275,MLPClassifier,0.20489539002407967,0.28440366972477066,0.06502426566115198,1e-06,12,5,1,lbfgs,0.13394683026584867
425,MLPClassifier,0.20489539002407967,0.28440366972477066,0.06502426566115198,1e-09,12,5,1,lbfgs,0.13394683026584867
75,MLPClassifier,0.20489539002407967,0.28440366972477066,0.06502426566115198,0.01,12,5,1,lbfgs,0.13394683026584867
375,MLPClassifier,0.20489539002407967,0.28440366972477066,0.06502426566115198,1e-08,12,5,1,lbfgs,0.13394683026584867
225,MLPClassifier,0.20489539002407967,0.28440366972477066,0.06502426566115198,1e-05,12,5,1,lbfgs,0.13394683026584867
325,MLPClassifier,0.20489539002407967,0.28440366972477066,0.06502426566115198,1e-07,12,5,1,lbfgs,0.13394683026584867
175,MLPClassifier,0.20489539002407967,0.28440366972477066,0.06502426566115198,0.0001,12,5,1,lbfgs,0.13394683026584867
25,MLPClassifier,0.20489539002407967,0.28440366972477066,0.06502426566115198,0.1,12,5,1,lbfgs,0.13394683026584867
42,MLPClassifier,0.196185300859054,0.22755102040816327,0.02280436074564626,0.1,14,3,0,lbfgs,0.15848670756646216
342,MLPClassifier,0.196185300859054,0.22755102040816327,0.02280436074564626,1e-07,14,3,0,lbfgs,0.15848670756646216
242,MLPClassifier,0.196185300859054,0.22755102040816327,0.02280436074564626,1e-05,14,3,0,lbfgs,0.15848670756646216
92,MLPClassifier,0.196185300859054,0.22755102040816327,0.02280436074564626,0.01,14,3,0,lbfgs,0.15848670756646216
292,MLPClassifier,0.196185300859054,0.22755102040816327,0.02280436074564626,1e-06,14,3,0,lbfgs,0.15848670756646216
192,MLPClassifier,0.196185300859054,0.22755102040816327,0.02280436074564626,0.0001,14,3,0,lbfgs,0.15848670756646216
142,MLPClassifier,0.196185300859054,0.22755102040816327,0.02280436074564626,0.001,14,3,0,lbfgs,0.15848670756646216
442,MLPClassifier,0.196185300859054,0.22755102040816327,0.02280436074564626,1e-09,14,3,0,lbfgs,0.15848670756646216
392,MLPClassifier,0.196185300859054,0.22755102040816327,0.02280436074564626,1e-08,14,3,0,lbfgs,0.15848670756646216
401,MLPClassifier,0.19048748686544278,0.1983640081799591,0.004379266981760486,1e-09,10,1,1,lbfgs,0.18507157464212678
1,MLPClassifier,0.19048748686544278,0.1983640081799591,0.004379266981760486,0.1,10,1,1,lbfgs,0.18507157464212678
251,MLPClassifier,0.19048748686544278,0.1983640081799591,0.004379266981760486,1e-06,10,1,1,lbfgs,0.18507157464212678
351,MLPClassifier,0.19048748686544278,0.1983640081799591,0.004379266981760486,1e-08,10,1,1,lbfgs,0.18507157464212678
101,MLPClassifier,0.19048748686544278,0.1983640081799591,0.004379266981760486,0.001,10,1,1,lbfgs,0.18507157464212678
301,MLPClassifier,0.19048748686544278,0.1983640081799591,0.004379266981760486,1e-07,10,1,1,lbfgs,0.18507157464212678
51,MLPClassifier,0.19048748686544278,0.1983640081799591,0.004379266981760486,0.01,10,1,1,lbfgs,0.18507157464212678
151,MLPClassifier,0.19048748686544278,0.1983640081799591,0.004379266981760486,0.0001,10,1,1,lbfgs,0.18507157464212678
201,MLPClassifier,0.19048748686544278,0.1983640081799591,0.004379266981760486,1e-05,10,1,1,lbfgs,0.18507157464212678
2,MLPClassifier,0.1557854130188876,0.18098159509202455,0.02755366458963324,0.1,10,3,0,lbfgs,0.1111111111111111
402,MLPClassifier,0.1557854130188876,0.18098159509202455,0.02755366458963324,1e-09,10,3,0,lbfgs,0.1111111111111111
152,MLPClassifier,0.1557854130188876,0.18098159509202455,0.02755366458963324,0.0001,10,3,0,lbfgs,0.1111111111111111
302,MLPClassifier,0.1557854130188876,0.18098159509202455,0.02755366458963324,1e-07,10,3,0,lbfgs,0.1111111111111111
202,MLPClassifier,0.1557854130188876,0.18098159509202455,0.02755366458963324,1e-05,10,3,0,lbfgs,0.1111111111111111
102,MLPClassifier,0.1557854130188876,0.18098159509202455,0.02755366458963324,0.001,10,3,0,lbfgs,0.1111111111111111
252,MLPClassifier,0.1557854130188876,0.18098159509202455,0.02755366458963324,1e-06,10,3,0,lbfgs,0.1111111111111111
352,MLPClassifier,0.1557854130188876,0.18098159509202455,0.02755366458963324,1e-08,10,3,0,lbfgs,0.1111111111111111
52,MLPClassifier,0.1557854130188876,0.18098159509202455,0.02755366458963324,0.01,10,3,0,lbfgs,0.1111111111111111
403,MLPClassifier,0.05512923587475928,0.06134969325153374,0.005054157099654337,1e-09,10,3,1,lbfgs,0.04693877551020408
203,MLPClassifier,0.05512923587475928,0.06134969325153374,0.005054157099654337,1e-05,10,3,1,lbfgs,0.04693877551020408
103,MLPClassifier,0.05512923587475928,0.06134969325153374,0.005054157099654337,0.001,10,3,1,lbfgs,0.04693877551020408
303,MLPClassifier,0.05512923587475928,0.06134969325153374,0.005054157099654337,1e-07,10,3,1,lbfgs,0.04693877551020408
53,MLPClassifier,0.05512923587475928,0.06134969325153374,0.005054157099654337,0.01,10,3,1,lbfgs,0.04693877551020408
353,MLPClassifier,0.05512923587475928,0.06134969325153374,0.005054157099654337,1e-08,10,3,1,lbfgs,0.04693877551020408
3,MLPClassifier,0.05512923587475928,0.06134969325153374,0.005054157099654337,0.1,10,3,1,lbfgs,0.04693877551020408
253,MLPClassifier,0.05512923587475928,0.06134969325153374,0.005054157099654337,1e-06,10,3,1,lbfgs,0.04693877551020408
153,MLPClassifier,0.05512923587475928,0.06134969325153374,0.005054157099654337,0.0001,10,3,1,lbfgs,0.04693877551020408
5,MLPClassifier,0.046957406703324094,0.04994903160040775,0.0019216320182203802,0.1,10,5,1,lbfgs,0.04485219164118247
55,MLPClassifier,0.046957406703324094,0.04994903160040775,0.0019216320182203802,0.01,10,5,1,lbfgs,0.04485219164118247
305,MLPClassifier,0.046957406703324094,0.04994903160040775,0.0019216320182203802,1e-07,10,5,1,lbfgs,0.04485219164118247
155,MLPClassifier,0.046957406703324094,0.04994903160040775,0.0019216320182203802,0.0001,10,5,1,lbfgs,0.04485219164118247
105,MLPClassifier,0.046957406703324094,0.04994903160040775,0.0019216320182203802,0.001,10,5,1,lbfgs,0.04485219164118247
355,MLPClassifier,0.046957406703324094,0.04994903160040775,0.0019216320182203802,1e-08,10,5,1,lbfgs,0.04485219164118247
205,MLPClassifier,0.046957406703324094,0.04994903160040775,0.0019216320182203802,1e-05,10,5,1,lbfgs,0.04485219164118247
255,MLPClassifier,0.046957406703324094,0.04994903160040775,0.0019216320182203802,1e-06,10,5,1,lbfgs,0.04485219164118247
405,MLPClassifier,0.046957406703324094,0.04994903160040775,0.0019216320182203802,1e-09,10,5,1,lbfgs,0.04485219164118247
60,MLPClassifier,0.040015282224031994,0.044897959183673466,0.002677265615164445,0.01,11,1,0,lbfgs,0.03680981595092025
110,MLPClassifier,0.040015282224031994,0.044897959183673466,0.002677265615164445,0.001,11,1,0,lbfgs,0.03680981595092025
210,MLPClassifier,0.040015282224031994,0.044897959183673466,0.002677265615164445,1e-05,11,1,0,lbfgs,0.03680981595092025
310,MLPClassifier,0.040015282224031994,0.044897959183673466,0.002677265615164445,1e-07,11,1,0,lbfgs,0.03680981595092025
160,MLPClassifier,0.040015282224031994,0.044897959183673466,0.002677265615164445,0.0001,11,1,0,lbfgs,0.03680981595092025
260,MLPClassifier,0.040015282224031994,0.044897959183673466,0.002677265615164445,1e-06,11,1,0,lbfgs,0.03680981595092025
410,MLPClassifier,0.040015282224031994,0.044897959183673466,0.002677265615164445,1e-09,11,1,0,lbfgs,0.03680981595092025
10,MLPClassifier,0.040015282224031994,0.044897959183673466,0.002677265615164445,0.1,11,1,0,lbfgs,0.03680981595092025
360,MLPClassifier,0.040015282224031994,0.044897959183673466,0.002677265615164445,1e-08,11,1,0,lbfgs,0.03680981595092025
422,MLPClassifier,0.015726195996118564,0.022494887525562373,0.006089236786927207,1e-09,12,3,0,lbfgs,0.0061162079510703364
22,MLPClassifier,0.015726195996118564,0.022494887525562373,0.006089236786927207,0.1,12,3,0,lbfgs,0.0061162079510703364
222,MLPClassifier,0.015726195996118564,0.022494887525562373,0.006089236786927207,1e-05,12,3,0,lbfgs,0.0061162079510703364
172,MLPClassifier,0.015726195996118564,0.022494887525562373,0.006089236786927207,0.0001,12,3,0,lbfgs,0.0061162079510703364
72,MLPClassifier,0.015726195996118564,0.022494887525562373,0.006089236786927207,0.01,12,3,0,lbfgs,0.0061162079510703364
372,MLPClassifier,0.015726195996118564,0.022494887525562373,0.006089236786927207,1e-08,12,3,0,lbfgs,0.0061162079510703364
122,MLPClassifier,0.015726195996118564,0.022494887525562373,0.006089236786927207,0.001,12,3,0,lbfgs,0.0061162079510703364
322,MLPClassifier,0.015726195996118564,0.022494887525562373,0.006089236786927207,1e-07,12,3,0,lbfgs,0.0061162079510703364
272,MLPClassifier,0.015726195996118564,0.022494887525562373,0.006089236786927207,1e-06,12,3,0,lbfgs,0.0061162079510703364
320,MLPClassifier,0.008169739894607024,0.011224489795918367,0.003102420992712308,1e-07,12,1,0,lbfgs,0.0030581039755351682
270,MLPClassifier,0.008169739894607024,0.011224489795918367,0.003102420992712308,1e-06,12,1,0,lbfgs,0.0030581039755351682
70,MLPClassifier,0.008169739894607024,0.011224489795918367,0.003102420992712308,0.01,12,1,0,lbfgs,0.0030581039755351682
220,MLPClassifier,0.008169739894607024,0.011224489795918367,0.003102420992712308,1e-05,12,1,0,lbfgs,0.0030581039755351682
20,MLPClassifier,0.008169739894607024,0.011224489795918367,0.003102420992712308,0.1,12,1,0,lbfgs,0.0030581039755351682
170,MLPClassifier,0.008169739894607024,0.011224489795918367,0.003102420992712308,0.0001,12,1,0,lbfgs,0.0030581039755351682
120,MLPClassifier,0.008169739894607024,0.011224489795918367,0.003102420992712308,0.001,12,1,0,lbfgs,0.0030581039755351682
420,MLPClassifier,0.008169739894607024,0.011224489795918367,0.003102420992712308,1e-09,12,1,0,lbfgs,0.0030581039755351682
370,MLPClassifier,0.008169739894607024,0.011224489795918367,0.003102420992712308,1e-08,12,1,0,lbfgs,0.0030581039755351682
,,,,,,,,,,